City_ID,City,Lat,Lng,Max Temp,Humidity,Cloudiness,Wind Speed,Country,Date
0,blackmans bay,-43.0167,147.3167,288.22,81,93,2.41,AU,1711791058
1,ust-nera,64.5667,143.2,261.31,99,100,1.74,RU,1711791058
2,durazno,-33.4131,-56.5006,288.12,100,20,1.54,UY,1711790966
3,puerto baquerizo moreno,-0.9,-89.6,297.94,81,88,2.61,EC,1711791007
4,kerrville,30.0474,-99.1403,290.67,90,100,3.6,US,1711791059
5,ushuaia,-54.8,-68.3,275.96,87,40,8.75,AR,1711791059
6,waitangi,-43.9535,-176.5597,287.49,95,89,1.79,NZ,1711791059
7,rio preto da eva,-2.6994,-59.6997,295.87,94,100,1.27,BR,1711791059
8,trzacka rastela,44.9733,15.7903,293.58,41,95,5.37,BA,1711791059
9,fale old settlement,-9.3852,-171.2468,302.75,72,3,3.01,TK,1711791059
10,lubao,14.9167,120.55,308.99,59,100,3.12,PH,1711791059
11,marion,39.7684,-86.1555,287.7,52,100,5.14,US,1711791060
12,port alfred,-33.5906,26.891,295.47,84,51,3.58,ZA,1711791060
13,vorgashor,67.5833,63.95,259.71,92,99,5.7,RU,1711791060
14,petropavlovsk-kamchatsky,53.0452,158.6483,271.48,89,75,3.0,RU,1711790853
15,betio village,1.358,172.9211,301.17,82,94,8.22,KI,1711791060
16,la romana,18.4273,-68.9728,295.12,88,65,2.89,DO,1711791060
17,yellowknife,62.456,-114.3525,255.44,71,75,4.63,CA,1711791060
18,papatowai,-46.5619,169.4708,282.64,90,100,0.41,NZ,1711791061
19,saint-philippe,-21.3585,55.7679,301.92,76,100,2.91,RE,1711791061
20,arba minch,6.0333,37.55,303.04,42,80,2.04,ET,1711791061
21,constantia,44.1833,28.65,295.76,66,100,7.25,RO,1711790823
22,bethel,41.3712,-73.414,277.6,64,0,4.12,US,1711790931
23,longyearbyen,78.2186,15.6401,253.06,54,20,6.17,SJ,1711791061
24,palikir - national government center,6.9248,158.1611,300.62,83,100,6.17,FM,1711791061
25,bilibino,68.0546,166.4372,256.58,98,100,1.04,RU,1711791061
26,college,64.8569,-147.8028,272.12,64,75,2.57,US,1711791062
27,kharp,66.8014,65.8081,265.62,80,75,3.62,RU,1711791062
28,keflavik,64.0049,-22.5624,274.1,59,20,12.86,IS,1711791062
29,tolanaro,-25.0319,46.9987,303.19,70,20,8.23,MG,1711791062
30,grand falls-windsor,48.9332,-55.6649,281.76,96,100,4.75,CA,1711791062
31,new norfolk,-42.7826,147.0587,288.87,90,52,0.96,AU,1711791062
32,edinburgh of the seven seas,-37.0676,-12.3116,287.92,63,33,8.45,SH,1711791062
33,tura,25.5198,90.2201,301.33,52,98,0.95,IN,1711791063
34,hamilton,39.1834,-84.5333,286.5,57,75,3.6,US,1711790950
35,olinda,-8.0089,-34.8553,299.0,100,75,1.03,BR,1711791063
36,qaqortoq,60.7167,-46.0333,261.19,80,7,2.55,GL,1711790978
37,acapulco de juarez,16.8634,-99.8901,297.05,88,75,1.54,MX,1711791042
38,port-aux-francais,-49.35,70.2167,282.25,96,100,15.68,TF,1711791063
39,elko,41.0002,-115.5012,274.16,95,84,0.89,US,1711791063
40,santiago de cao,-7.9589,-79.2392,293.22,94,98,3.6,PE,1711791063
41,adamstown,-25.066,-130.1015,296.49,65,79,11.22,PN,1711791063
42,lihue,21.9789,-159.3672,295.92,84,40,6.17,US,1711791064
43,anadyr,64.75,177.4833,254.43,84,0,5.0,RU,1711790973
44,uray,60.1247,64.7758,272.52,89,100,5.36,RU,1711791064
45,arkhangel'sk,64.5401,40.5433,269.33,68,40,5.0,RU,1711791064
46,chunskiy,56.0815,99.6342,274.08,94,100,1.26,RU,1711791064
47,hermanus,-34.4187,19.2345,299.15,53,48,4.07,ZA,1711791064
48,carnarvon,-24.8667,113.6333,300.08,59,87,8.41,AU,1711791064
49,al ghayzah,16.2079,52.176,303.1,42,32,6.21,YE,1711791064
50,crane,31.3974,-102.3501,289.44,73,99,4.8,US,1711791065
51,loango,-4.6719,11.8312,302.73,72,100,2.68,CG,1711791065
52,bandundu,-3.3167,17.3667,307.95,45,92,1.28,CD,1711791065
53,nuuk,64.1835,-51.7216,268.49,68,0,1.03,GL,1711791065
54,cockburn town,21.4612,-71.1419,296.94,65,83,8.68,TC,1711790887
55,kikwit,-5.041,18.8162,307.36,45,49,1.18,CD,1711791065
56,atafu village,-8.5421,-172.5159,302.23,75,93,1.59,TK,1711790778
57,kijang,35.2442,129.2139,289.0,83,66,6.09,KR,1711791066
58,grytviken,-54.2811,-36.5092,277.37,77,30,10.54,GS,1711791066
59,severo-vostotchnyi bank,39.4112,49.2479,290.86,50,100,3.4,AZ,1711791066
60,santarem,-2.4431,-54.7083,299.22,89,75,4.12,BR,1711791066
61,juneau,58.3019,-134.4197,277.15,93,100,0.0,US,1711791066
62,udachny,66.4167,112.4,261.17,80,72,7.49,RU,1711791066
63,oodweyne,9.4092,45.064,302.78,30,81,5.27,SO,1711791067
64,st. john's,47.5649,-52.7093,284.14,99,100,9.26,CA,1711790972
65,bredasdorp,-34.5322,20.0403,298.63,51,46,4.42,ZA,1711791067
66,jasper,37.2001,-94.3502,290.18,68,0,5.14,US,1711791067
67,bamboo flat,11.7,92.7167,305.2,62,18,3.6,IN,1711791067
68,olonkinbyen,70.9221,-8.7187,265.92,64,100,7.86,SJ,1711791067
69,delijan,33.9905,50.6838,290.18,12,67,2.15,IR,1711791067
70,puerto natales,-51.7236,-72.4875,276.78,97,100,2.39,CL,1711791051
71,albany,42.6001,-73.9662,275.38,64,75,2.24,US,1711790844
72,troitskiy,57.0603,63.7481,277.81,87,60,5.92,RU,1711791068
73,nantucket,41.2835,-70.0995,277.23,69,0,7.72,US,1711791068
74,novo aripuana,-5.1206,-60.3797,295.48,98,88,1.27,BR,1711791068
75,tulnici,45.9167,26.6667,294.94,31,100,1.4,RO,1711791068
76,djibo,14.1022,-1.6306,311.17,11,100,5.03,BF,1711791068
77,gillette,44.2911,-105.5022,273.68,89,100,1.79,US,1711791005
78,puerto ayora,-0.7393,-90.3518,296.79,99,68,1.79,EC,1711791069
79,saint-joseph,-21.3667,55.6167,301.36,76,100,2.18,RE,1711791069
80,hithadhoo,-0.6,73.0833,302.81,69,34,3.48,MV,1711791069
81,port lincoln,-34.7333,135.8667,290.44,82,65,4.25,AU,1711791069
82,happy valley-goose bay,53.3168,-60.3315,273.32,100,100,7.72,CA,1711791010
83,umm kaddadah,13.6017,26.6876,308.71,7,66,8.58,SD,1711791069
84,porto novo,6.4965,2.6036,305.05,56,87,5.22,BJ,1711791069
85,biltine,14.5333,20.9167,311.07,6,77,9.11,TD,1711790775
86,bengkulu,-3.8004,102.2655,301.59,82,100,1.94,ID,1711791070
87,ketchikan,55.3422,-131.6461,280.41,70,100,4.12,US,1711791070
88,klyuchi,52.2667,79.1667,279.31,76,100,8.0,RU,1711791070
89,hawaiian paradise park,19.5933,-154.9731,294.28,92,75,2.06,US,1711791070
90,coquimbo,-29.9533,-71.3436,289.0,100,100,3.09,CL,1711790841
91,manokwari,-0.8667,134.0833,300.24,83,82,3.91,ID,1711791071
92,marine corps base hawaii - mcbh,21.4453,-157.7513,296.13,78,13,1.79,US,1711791071
93,el granada,37.5027,-122.4694,283.34,90,75,4.63,US,1711791071
94,hasaki,35.7333,140.8333,290.37,78,100,9.27,JP,1711791071
95,whitehorse,60.7161,-135.0538,275.58,48,75,0.0,CA,1711791071
96,alvear,-29.0968,-56.5504,293.16,75,0,2.51,AR,1711791072
97,quibala,-10.7337,14.98,298.51,76,85,0.96,AO,1711791072
98,zabaykal'sk,49.6333,117.3167,265.51,61,64,4.49,RU,1711791072
99,pemba,-12.974,40.5178,304.54,66,40,4.12,MZ,1711791072
100,sigli,5.3848,95.9609,302.27,73,78,2.18,ID,1711791072
101,concepcion del oro,24.6333,-101.4167,286.17,15,0,1.63,MX,1711791072
102,port mathurin,-19.6833,63.4167,303.2,79,75,4.12,MU,1711791072
103,amga,60.8953,131.9608,259.95,89,100,3.5,RU,1711791073
104,baruun-urt,46.6806,113.2792,271.35,27,85,4.2,MN,1711791073
105,west island,-12.1568,96.8225,303.14,70,40,4.63,CC,1711791073
106,south hedland,-20.4089,118.5983,305.11,62,0,6.17,AU,1711791073
107,ilulissat,69.2167,-51.1,260.16,78,50,0.0,GL,1711791073
108,afaahiti,-17.75,-149.2833,299.08,84,99,8.68,PF,1711791074
109,vilyuchinsk,52.9306,158.4028,272.3,92,50,1.62,RU,1711791074
110,margaret river,-33.95,115.0667,292.73,66,91,3.94,AU,1711790834
111,kiunga,-6.1219,141.2906,298.04,98,99,0.91,PG,1711791074
112,osasco,-23.5325,-46.7917,293.84,92,75,2.06,BR,1711790581
113,terrace,54.5163,-128.6035,276.1,60,100,1.54,CA,1711791074
114,khabarovsk,48.4808,135.0928,275.04,69,20,7.0,RU,1711791074
115,georgetown,5.4112,100.3354,304.12,67,20,4.12,MY,1711791057
116,thompson,55.7435,-97.8558,265.24,79,100,3.6,CA,1711791075
117,iskateley,67.6803,53.1512,257.6,91,6,3.58,RU,1711791075
118,weno,7.4515,151.8468,302.12,79,100,5.14,FM,1711791075
119,iqaluit,63.7506,-68.5145,265.0,73,100,3.6,CA,1711790982
120,utrik,11.2278,169.8474,300.18,80,92,8.29,MH,1711791075
121,tofol,5.3248,163.0078,301.39,80,100,9.62,FM,1711791076
122,mitu,1.1983,-70.1733,294.94,97,100,0.26,CO,1711791076
123,tara,56.8944,74.371,273.49,96,100,3.99,RU,1711791076
124,san patricio,28.017,-97.5169,294.18,85,14,6.06,US,1711791076
125,sanctuary point,-35.1114,150.629,294.68,90,73,1.38,AU,1711791076
126,ribeira grande,38.5167,-28.7,289.69,82,75,11.83,PT,1711791076
127,isafjordur,66.0755,-23.124,276.17,56,100,8.23,IS,1711791076
128,oberammergau,47.5981,11.0669,290.9,45,42,3.19,DE,1711791077
129,namibe,-15.1961,12.1522,299.96,72,75,1.97,AO,1711791077
130,avarua,-21.2078,-159.775,301.18,83,40,6.69,CK,1711791077
131,newman,37.3138,-121.0208,283.31,92,37,1.34,US,1711791077
132,mangrol,21.1167,70.1167,302.08,55,0,8.22,IN,1711791077
133,santa ana,33.7456,-117.8678,286.39,90,100,5.66,US,1711791039
134,remire-montjoly,4.9167,-52.2667,296.17,100,100,0.0,GF,1711791077
135,kerikeri,-35.2268,173.9474,285.32,77,0,2.75,NZ,1711791078
136,sao jose da coroa grande,-8.8978,-35.1478,298.15,95,100,1.23,BR,1711791078
137,brookings,44.3114,-96.7984,273.25,90,0,3.6,US,1711790869
138,callao,-12.0667,-77.15,295.77,88,75,3.09,PE,1711791078
139,nemuro,43.3236,145.575,276.43,71,42,8.55,JP,1711791078
140,metlili chaamba,32.2667,3.6333,295.67,25,0,8.75,DZ,1711791079
141,invercargill,-46.4,168.35,284.83,92,91,0.45,NZ,1711791079
142,mahanoro,-19.9,48.8,301.41,68,7,3.21,MG,1711791079
143,fortuna,40.5982,-124.1573,279.34,96,100,0.0,US,1711791079
144,chonchi,-42.6128,-73.8092,279.71,91,100,1.36,CL,1711791079
145,carlsbad,33.1581,-117.3506,287.49,72,100,3.58,US,1711790922
146,cururupu,-1.8283,-44.8683,297.1,99,100,0.64,BR,1711791080
147,harper,4.375,-7.7169,302.65,73,100,1.47,LR,1711791080
148,akureyri,65.6835,-18.0878,270.11,93,75,5.14,IS,1711791080
149,ambalangoda,6.2355,80.0538,303.13,65,87,3.5,LK,1711791080
150,mejit,10.2753,170.8646,300.33,83,78,8.42,MH,1711791080
151,puke,42.0444,19.8997,287.51,56,0,2.58,AL,1711791080
152,leninskiy,54.2781,37.4558,280.84,66,94,5.78,RU,1711791080
153,selkirk,50.1436,-96.8845,272.19,99,84,1.41,CA,1711790785
154,alpine,32.835,-116.7664,283.92,78,75,0.89,US,1711791081
155,palu,-0.8917,119.8707,299.97,94,73,0.76,ID,1711791081
156,las delicias,19.8333,-90.5,293.36,76,0,4.39,MX,1711791081
157,luderitz,-26.6481,15.1594,296.04,57,5,3.56,NA,1711791081
158,chibougamau,49.9168,-74.3659,264.94,73,100,5.66,CA,1711791081
159,niimi,34.9833,133.4667,290.59,78,100,3.15,JP,1711791082
160,fort bragg,35.139,-79.006,285.27,68,0,1.54,US,1711791082
161,aasiaat,68.7098,-52.8699,253.69,93,78,3.53,GL,1711791082
162,ancud,-41.8697,-73.8203,282.51,83,89,0.15,CL,1711791082
163,zuni pueblo,35.0725,-108.8506,280.5,46,0,3.68,US,1711791082
164,kodiak,57.79,-152.4072,275.88,87,100,1.54,US,1711791082
165,prince rupert,54.3161,-130.3201,280.2,87,100,3.09,CA,1711791009
166,cabedelo,-6.9811,-34.8339,298.52,87,100,3.13,BR,1711791083
167,carutapera,-1.195,-46.02,297.12,96,99,0.88,BR,1711791083
168,lata,40.1629,-8.3327,285.09,70,100,3.47,PT,1711791083
169,solnechnyy,50.7214,136.6319,272.06,96,100,2.35,RU,1711791083
170,badger,64.8,-147.5333,272.08,67,75,2.57,US,1711791083
171,pierre,44.3683,-100.351,275.85,73,100,4.12,US,1711790846
172,mamers,48.3333,0.25,280.63,89,100,3.26,FR,1711791084
173,jalpa,21.6333,-102.9667,288.83,23,0,1.14,MX,1711791084
174,vryburg,-26.9566,24.7284,302.18,26,0,4.78,ZA,1711791084
175,portland,45.5234,-122.6762,282.17,78,0,3.6,US,1711790989
176,port saint john's,-31.6229,29.5448,297.5,65,98,6.62,ZA,1711791084
177,lincoln,40.8,-96.667,278.1,74,0,6.17,US,1711790930
178,chalisgaon,20.4667,75.0167,308.34,23,83,0.34,IN,1711791084
179,faya-largeau,17.9257,19.1043,310.09,6,0,8.23,TD,1711791084
180,monrovia,6.3005,-10.7969,300.02,80,100,2.36,LR,1711790817
181,buala,-8.145,159.5921,300.35,85,98,1.86,SB,1711791085
182,hammerfest,70.6634,23.6821,269.4,50,75,3.09,NO,1711791085
183,mamuju,-2.6748,118.8885,300.78,84,81,0.62,ID,1711791085
184,zeya,53.75,127.2667,270.64,75,100,3.87,RU,1711791085
185,tiksi,71.6872,128.8694,251.5,94,96,3.01,RU,1711791085
186,andkhoy,36.9529,65.1238,289.55,25,64,1.74,AF,1711791085
187,les avirons,-21.2418,55.3394,300.2,70,75,2.06,RE,1711791085
188,yuzhno-kurilsk,44.0306,145.8556,277.8,92,100,2.5,RU,1711791085
189,sulphur springs,33.1385,-95.6011,289.3,72,100,4.63,US,1711791086
190,revda,56.801,59.9303,274.4,90,100,6.23,RU,1711791086
191,richards bay,-28.783,32.0377,298.74,53,77,3.44,ZA,1711791086
192,polyarnyy,69.1989,33.4478,268.9,87,99,1.54,RU,1711791086
193,jamestown,42.097,-79.2353,271.18,97,0,2.06,US,1711791086
194,saipan,15.1355,145.701,300.54,78,40,7.72,MP,1711791086
195,swift current,50.2834,-107.8014,265.6,79,100,1.03,CA,1711790925
196,lagoa,39.05,-27.9833,286.81,87,100,11.72,PT,1711791087
197,kuqa,41.7278,82.9364,296.14,14,17,3.29,CN,1711790961
198,kangding,30.0513,101.9603,285.14,80,95,2.22,CN,1711791087
199,amungan,15.3652,119.9582,301.76,77,100,2.1,PH,1711791087
200,wailua homesteads,22.0669,-159.378,295.59,85,40,6.17,US,1711791087
201,gaspe,48.8334,-64.4819,275.1,100,100,0.0,CA,1711790860
202,nadym,65.5333,72.5167,267.96,91,100,1.64,RU,1711791088
203,ouallam,14.3188,2.0866,311.89,8,91,6.72,NE,1711791088
204,uliastay,47.7417,96.8444,280.1,60,99,1.64,MN,1711791088
205,san juan de miraflores,-12.1629,-76.9635,294.91,83,66,2.01,PE,1711791088
206,qarauyl,48.9451,79.255,280.09,53,100,9.45,KZ,1711791089
207,cusco,-13.5183,-71.9781,281.28,93,100,1.54,PE,1711791089
208,vadso,70.0744,29.7487,273.24,51,99,0.51,NO,1711791089
209,seydi,39.4816,62.9137,287.34,18,0,2.28,TM,1711791089
210,taoudenni,22.6783,-3.9836,301.72,17,2,4.78,ML,1711791089
211,turuntayevo,52.2,107.6167,275.2,44,91,0.79,RU,1711791089
212,wayne,42.2506,-83.2833,277.14,79,100,1.54,US,1711790556
213,lazaro cardenas,17.9583,-102.2,293.89,62,0,1.52,MX,1711791089
214,lunglei,22.8833,92.7333,303.78,34,96,3.5,IN,1711791090
215,at taj,24.2049,23.2857,301.42,9,0,4.34,LY,1711791003
216,westport,41.1415,-73.3579,278.57,61,75,2.68,US,1711790809
217,arlington,32.7357,-97.1081,291.65,73,100,7.2,US,1711790802
218,xinmin,41.9908,122.8253,279.54,20,0,4.14,CN,1711791090
219,lebu,-37.6167,-73.65,284.2,75,91,7.57,CL,1711791091
220,kingston,17.997,-76.7936,299.68,83,75,4.12,JM,1711791091
221,punta arenas,-53.15,-70.9167,277.21,75,0,7.2,CL,1711790908
222,inirida,3.8653,-67.9239,295.97,97,85,1.06,CO,1711790929
223,amasra,41.7463,32.3863,296.18,54,100,2.23,TR,1711790839
224,qarazhal,48.0078,70.7903,274.18,81,100,7.67,KZ,1711791091
225,copiapo,-27.3667,-70.3333,288.98,68,8,0.55,CL,1711790953
226,dudinka,69.4058,86.1778,265.19,92,97,4.02,RU,1711791092
227,leh,34.1667,77.5833,274.22,80,100,2.59,IN,1711791092
228,salahonda,2.1019,-78.7217,299.43,81,96,1.1,CO,1711791092
229,bikenibeu village,1.3673,173.1241,301.13,89,20,5.66,KI,1711791092
230,lompoc,34.6391,-120.4579,284.38,94,100,2.06,US,1711790998
231,tazovsky,67.4667,78.7,262.39,86,100,0.31,RU,1711791093
232,mil'kovo,55.6078,37.7956,285.56,62,48,5.56,RU,1711791093
233,al qadarif,14.0349,35.3834,310.87,11,69,3.79,SD,1711791093
234,vila do maio,15.1333,-23.2167,296.59,71,64,7.96,CV,1711791093
235,mga,59.75,31.0667,282.11,69,86,4.73,RU,1711791093
236,cidreira,-30.1811,-50.2056,293.0,84,2,1.96,BR,1711791094
237,sungai penuh,-2.0833,101.3833,295.89,91,98,0.42,ID,1711791094
238,changping,40.2186,116.2197,292.95,16,100,0.66,CN,1711791094
239,opuwo,-18.0607,13.84,301.65,44,84,3.22,NA,1711791094
240,vila velha,-20.3297,-40.2925,298.12,88,20,1.54,BR,1711790944
241,holualoa,19.6228,-155.9522,295.06,90,100,3.6,US,1711791094
242,mokhsogollokh,61.4681,128.9203,259.39,73,100,1.55,RU,1711791095
243,olyokminsk,60.3736,120.4264,259.9,88,100,1.32,RU,1711791095
244,flin flon,54.7682,-101.865,266.39,97,100,1.7,CA,1711791095
245,safi,32.1667,-8.8333,286.53,77,87,13.12,MA,1711790882
246,karratha,-20.7377,116.8463,304.62,41,0,4.95,AU,1711791096
247,luau,-10.7073,22.2247,291.99,97,100,2.41,AO,1711791096
248,tumayr,25.7039,45.868,298.57,22,90,8.05,SA,1711791096
249,bayanaul,50.7889,75.6956,277.69,50,100,9.84,KZ,1711791096
250,pisco,-13.7,-76.2167,294.18,88,65,1.54,PE,1711791096
251,tamiahua,21.2667,-97.45,295.92,82,100,4.0,MX,1711791097
252,ordynskoye,54.3656,81.8994,275.58,98,100,4.97,RU,1711791097
253,hobyo,5.3505,48.5268,303.58,57,45,7.06,SO,1711791097
254,nelson bay,-32.7167,152.15,295.37,89,0,2.68,AU,1711791097
255,sao vicente,-23.9631,-46.3919,298.25,26,93,1.93,BR,1711790583
256,port elizabeth,-33.918,25.5701,299.87,75,20,7.2,ZA,1711791044
257,santa cruz,-17.8,-63.1667,296.85,94,75,1.54,BO,1711791002
258,enewetak,11.3474,162.3373,300.08,85,74,9.84,MH,1711791098
259,paragould,36.0584,-90.4973,289.11,66,2,2.24,US,1711791098
260,kavieng,-2.5744,150.7967,301.43,77,57,3.37,PG,1711791098
261,severnoye,56.3491,78.3619,274.25,98,85,2.68,RU,1711791098
262,kapuskasing,49.4169,-82.4331,266.2,79,100,2.06,CA,1711791098
263,marshfield,44.6689,-90.1718,274.12,86,100,2.57,US,1711790905
264,yaren,-0.5472,166.916,301.33,83,62,7.11,NR,1711791099
265,alofi,-19.0595,-169.9187,298.09,94,93,0.51,NU,1711791099
266,sitka,57.0531,-135.33,278.09,75,100,3.09,US,1711791099
267,hadibu,12.65,54.0333,302.45,59,29,6.55,YE,1711791099
268,bitkine,11.9801,18.2138,313.86,6,76,6.26,TD,1711791099
269,fortaleza,-3.7227,-38.5247,300.22,94,75,1.54,BR,1711790932
270,aleksandrovsk-sakhalinskiy,50.8975,142.1561,276.8,99,100,1.7,RU,1711791099
271,barclayville,4.6797,-8.2339,303.45,67,100,1.25,LR,1711791100
272,persembe,41.0656,37.7714,288.83,62,5,2.05,TR,1711791100
273,parun,35.4207,70.9221,276.39,96,100,3.2,AF,1711791100
274,lerwick,60.1545,-1.1494,281.15,85,92,3.04,GB,1711791100
275,poronaysk,49.2167,143.1167,272.33,99,100,1.89,RU,1711791100
276,barisal,22.7019,90.3711,305.83,54,74,6.41,BD,1711791100
277,fort mcmurray,56.7268,-111.381,259.92,85,0,2.57,CA,1711791024
278,sanibel,26.449,-82.0223,290.16,64,1,3.47,US,1711790836
279,geraldton,-28.7667,114.6,297.38,73,100,8.23,AU,1711790854
280,hafar al-batin,28.4328,45.9708,296.47,40,75,3.09,SA,1711791101
281,morehead city,34.7229,-76.726,286.17,68,0,0.89,US,1711791101
282,mount isa,-20.7333,139.5,300.02,89,100,2.57,AU,1711791101
283,kupino,54.3663,77.2981,273.98,95,100,5.42,RU,1711791101
284,natal,-5.795,-35.2094,298.51,100,75,3.09,BR,1711790504
285,extrema,-22.8547,-46.3183,290.62,98,100,0.35,BR,1711790705
286,broome,42.2506,-75.833,274.65,77,100,6.17,US,1711791102
287,colonia,50.9333,6.95,290.23,70,0,6.17,DE,1711791102
288,beau vallon,-20.4189,57.6953,301.28,83,75,3.6,MU,1711791102
289,conception bay south,47.4999,-52.9981,284.01,98,100,5.8,CA,1711791102
290,jogeva,58.7467,26.3939,279.76,95,100,1.09,EE,1711791102
291,la passe,45.5549,-0.8967,284.49,76,42,6.89,FR,1711791102
292,okhotsk,59.3833,143.3,271.17,81,100,5.19,RU,1711791102
293,chaman,30.9236,66.4512,289.57,21,1,6.45,PK,1711791102
294,illizi,26.4833,8.4667,302.04,6,0,3.75,DZ,1711791103
295,luis correia,-2.8792,-41.6669,299.24,89,99,2.52,BR,1711791103
296,zaozersk,69.4005,32.4476,268.83,88,98,0.66,RU,1711791103
297,bonnyville,54.2668,-110.735,262.04,96,15,0.54,CA,1711791103
298,rio grande,-32.035,-52.0986,292.97,86,0,3.47,BR,1711790823
299,steinbach,50.1667,8.5667,286.28,82,0,3.09,DE,1711791103
300,cascais,38.6979,-9.4215,284.68,90,75,9.39,PT,1711790823
301,ciudad sabinas hidalgo,26.5,-100.1667,290.83,88,7,1.49,MX,1711791104
302,vorkuta,67.5,64.0,260.08,92,100,5.94,RU,1711791104
303,kalaleh,37.3807,55.4916,297.93,44,0,0.0,IR,1711791104
304,nagqu,31.5,92.0,281.57,9,100,7.76,CN,1711791104
305,kedrovyy,56.1667,91.8167,280.39,77,86,3.96,RU,1711791104
306,nanga eboko,4.6833,12.3667,299.34,75,94,0.75,CM,1711791104
307,kiruna,67.8557,20.2251,267.66,86,100,3.6,SE,1711791105
308,tegueste,28.5167,-16.3167,291.28,71,40,7.2,ES,1711791105
309,qamdo,31.1667,97.2333,280.78,23,44,6.73,CN,1711791105
310,bayganin,48.6947,55.8742,278.41,42,13,1.16,KZ,1711791105
311,dzilam gonzalez,21.2833,-88.9333,290.15,80,0,2.09,MX,1711791105
312,labrador city,52.9463,-66.9114,271.1,96,100,6.69,CA,1711791012
313,rongelap,11.1635,166.8941,300.23,76,79,8.79,MH,1711791105
314,magadan,59.5667,150.8,270.35,81,100,1.79,RU,1711790882
315,veraval,20.9,70.3667,302.34,55,0,8.44,IN,1711791106
316,pasni,25.2631,63.471,300.21,52,2,6.64,PK,1711791106
317,karyes,37.3,22.5,290.96,29,0,2.06,GR,1711791106
318,kavaratti,10.5669,72.642,301.52,75,23,1.29,IN,1711791106
319,waupaca,44.358,-89.086,275.67,81,100,1.54,US,1711791106
320,vega de alatorre,20.0333,-96.6333,293.82,83,9,2.09,MX,1711791106
321,cabo san lucas,22.8909,-109.9124,292.46,76,14,2.68,MX,1711790870
322,corinto,37.9407,22.9573,296.33,36,0,1.17,GR,1711790645
323,sinabang,2.4803,96.3801,302.32,70,100,1.42,ID,1711791107
324,maine soroa,13.2114,12.0241,312.11,8,54,6.82,NE,1711791107
325,huntsville,34.7304,-86.5861,287.19,61,0,2.06,US,1711790885
326,bechar,31.6167,-2.2167,290.33,34,3,1.03,DZ,1711791107
327,ambodifotatra,-16.9833,49.85,301.18,83,75,5.14,MG,1711791107
328,nova vicosa,-17.8919,-39.3719,298.93,89,87,1.49,BR,1711791107
329,at-bashi,41.1702,75.8106,277.61,87,100,3.01,KG,1711791107
330,port hedland,-20.3167,118.5667,305.18,62,0,6.17,AU,1711791107
331,port-gentil,-0.7193,8.7815,301.81,77,100,4.12,GA,1711791108
332,atuncolla,-15.6833,-70.15,278.22,86,71,0.44,PE,1711791108
333,galle,6.0367,80.217,303.03,66,79,4.23,LK,1711791108
334,mena,51.5217,32.2157,288.15,52,100,6.25,UA,1711791108
335,aroma,15.8167,36.1333,309.52,19,29,4.73,SD,1711791108
336,araguaina,-7.1911,-48.2072,295.89,98,100,1.83,BR,1711791108
337,pandan,14.0453,124.1694,298.86,76,22,3.91,PH,1711791108
338,rawson,-43.3002,-65.1023,284.56,36,16,10.04,AR,1711791109
339,birao,10.2849,22.7882,313.16,5,34,5.53,CF,1711791109
340,east wenatchee,47.4157,-120.2931,279.56,79,0,4.63,US,1711791109
341,marat,25.0701,45.4615,298.41,20,87,8.91,SA,1711791109
342,caleta de carquin,-11.0925,-77.6267,294.94,91,86,2.69,PE,1711791109
343,afsin,38.2477,36.914,290.87,33,3,2.15,TR,1711791109
344,sona,45.4388,10.8255,290.29,66,75,6.17,IT,1711791109
345,waingapu,-9.6567,120.2641,301.01,80,56,2.4,ID,1711791110
346,kone,-21.0595,164.8658,295.54,75,28,1.95,NC,1711791110
347,oltinko'l,40.8011,72.1634,288.26,40,100,2.72,UZ,1711791110
348,tsiombe,-25.3,45.4833,302.84,58,8,5.61,MG,1711791110
349,susuman,62.7833,148.1667,268.14,86,100,4.02,RU,1711791110
350,talnakh,69.4865,88.3972,266.04,90,100,6.82,RU,1711791110
351,nuku'alofa,-21.1333,-175.2,297.34,100,75,1.03,TO,1711791110
352,guerrero negro,27.9769,-114.0611,287.81,76,94,2.35,MX,1711790948
353,las khorey,11.1595,48.1967,303.34,61,66,4.46,SO,1711791111
354,trinidad,-14.8333,-64.9,295.85,97,100,1.15,BO,1711791049
355,taroa,8.7058,171.2275,300.74,84,100,8.7,MH,1711791111
356,mednogorsk,51.4128,57.595,273.12,83,55,3.42,RU,1711791111
357,ulanhot,46.0833,122.0833,273.43,34,55,8.71,CN,1711791043
358,nirmali,26.3167,86.5833,309.77,24,7,2.41,IN,1711791111
359,tongliao,43.6125,122.2653,276.31,23,3,5.76,CN,1711791111
360,salinopolis,-0.6136,-47.3561,298.18,91,100,1.92,BR,1711791111
361,ta`u,-14.2336,-169.5144,302.33,74,73,2.92,AS,1711791112
362,forshaga,59.5254,13.4813,280.44,87,40,3.09,SE,1711791112
363,stanley,54.868,-1.6985,281.35,79,20,1.03,GB,1711791112
364,mariehamn,60.0973,19.9348,281.07,87,0,3.6,AX,1711791112
365,kalmunai,7.4167,81.8167,303.26,67,92,4.73,LK,1711791112
366,kenai,60.5544,-151.2583,274.2,84,100,1.54,US,1711791112
367,broken hill,-31.95,141.4333,300.7,49,56,4.23,AU,1711790920
368,shilovo,54.3204,40.874,280.57,92,100,3.5,RU,1711791112
369,sretensk,52.2453,117.7093,267.97,56,100,3.39,RU,1711791113
370,codrington,-38.2667,141.9667,287.99,86,0,5.11,AU,1711791113
371,brisas de zicatela,15.8369,-97.0419,298.61,71,5,2.14,MX,1711791113
372,kuching,1.55,110.3333,303.76,85,20,3.58,MY,1711790934
373,ruwa,-17.8972,31.2371,300.19,27,40,3.1,ZW,1711791113
374,shenjiamen,29.9576,122.298,286.87,91,69,2.16,CN,1711791113
375,moree,-29.4667,149.85,299.85,39,30,2.03,AU,1711791114
376,pangoa,-12.1167,-73.0,291.98,95,100,1.59,PE,1711791114
377,mount gambier,-37.8333,140.7667,287.9,84,0,3.27,AU,1711791114
378,neryungri,56.6709,124.6491,258.4,92,100,7.58,RU,1711791114
379,as sulayyil,20.4607,45.5779,303.29,21,72,7.92,SA,1711791114
380,vanino,49.0869,140.2543,274.78,72,100,3.69,RU,1711791114
381,axim,4.8699,-2.2405,303.66,73,91,5.43,GH,1711791114
382,istgah-e rah ahan-e garmsar,35.2346,52.3094,292.92,11,5,2.38,IR,1711791114
383,nizhnesortymskiy,62.4397,71.7603,270.06,94,100,8.47,RU,1711791115
384,kibre mengist,5.8833,38.9833,297.97,52,82,2.77,ET,1711791115
385,ataq,14.5377,46.8319,301.33,34,37,9.06,YE,1711791115
386,sao joao da barra,-21.6403,-41.0511,298.2,93,100,2.84,BR,1711791115
387,tual,-5.6667,132.75,303.72,73,87,1.95,ID,1711791115
388,rumbek,6.802,29.6912,315.12,19,89,0.98,SS,1711791115
389,arraial do cabo,-22.9661,-42.0278,297.13,94,75,4.12,BR,1711791115
390,annau,37.8876,58.516,292.87,22,0,5.14,TM,1711791116
391,sompeta,18.9333,84.6,305.63,54,8,9.5,IN,1711791116
392,alice springs,-23.7,133.8833,301.6,53,40,10.8,AU,1711791113
393,suva,-18.1416,178.4415,296.86,94,75,2.06,FJ,1711791116
394,xichang,27.8964,102.2634,296.33,42,66,1.86,CN,1711791116
395,kapa'a,22.0752,-159.319,296.33,84,40,6.17,US,1711791116
396,essaouira,31.5125,-9.77,291.87,77,75,11.32,MA,1711791117
397,chinchilla,-26.75,150.6333,296.49,77,91,3.53,AU,1711791117
398,morro bay,35.3658,-120.8499,285.4,96,43,1.34,US,1711791018
399,sorong,-0.8833,131.25,301.43,80,12,5.59,ID,1711790813
400,bandon,51.7469,-8.7425,282.92,82,53,7.27,IE,1711791117
401,tromso,69.6496,18.957,274.16,47,40,2.06,NO,1711791117
402,banda aceh,5.5577,95.3222,302.06,72,76,0.91,ID,1711791117
403,ma'an,26.9775,110.7211,299.49,68,97,0.66,CN,1711791118
404,papar,5.7333,115.9333,305.15,79,90,1.21,MY,1711791118
405,trevelin,-43.0858,-71.4639,278.86,90,10,3.4,AR,1711791118
406,hastings,50.8552,0.5729,284.89,80,100,3.82,GB,1711791118
407,namdrik,5.5994,168.1028,301.46,82,99,8.89,MH,1711791119
408,ishigaki,24.3448,124.1572,297.22,88,75,3.6,JP,1711791119
409,alexandria,31.2156,29.9553,295.1,57,0,4.55,EG,1711791025
410,kismayo,-0.3582,42.5454,304.8,59,33,5.86,SO,1711791119
411,orkney,-26.9802,26.6727,300.91,29,0,2.58,ZA,1711791119
412,odessa,46.4775,30.7326,285.13,60,72,6.12,UA,1711791090
413,suwayr,30.1171,40.3893,290.67,70,100,10.93,SA,1711791119
414,marsh harbour,26.5412,-77.0636,293.08,57,0,5.83,BS,1711791119
415,dubbo,-32.25,148.6167,294.22,56,0,0.51,AU,1711791049
416,mar del plata,-38.0023,-57.5575,292.16,89,100,5.81,AR,1711791104
417,arno,60.1167,18.6333,275.81,68,26,2.32,SE,1711791120
418,la ronge,55.1001,-105.2842,266.29,93,100,1.54,CA,1711791120
419,basotu,-4.3667,35.0833,294.39,82,96,1.54,TZ,1711791120
420,saudarkrokur,65.7461,-19.6394,270.55,80,46,10.16,IS,1711791120
421,samana,19.2056,-69.3369,295.67,89,42,1.89,DO,1711791120
422,dunda,-8.1167,34.25,297.37,80,97,1.5,TZ,1711791120
423,humaita,-7.5061,-63.0208,295.88,99,99,1.15,BR,1711791121
424,mandera,3.9366,41.867,309.11,31,79,4.06,KE,1711791121
425,bianzhuang,34.8486,118.0447,290.49,36,43,4.42,CN,1711791121
426,nar'yan-mar,67.6713,53.087,257.65,91,6,3.58,RU,1711791121
427,cestos city,5.46,-9.5828,302.25,77,100,1.91,LR,1711791121
428,pudasjarvi,65.3833,26.9167,272.01,96,100,4.9,FI,1711791121
429,brokopondo,4.75,-55.1667,297.94,88,100,1.89,SR,1711791121
430,concepcion,-36.827,-73.0498,283.04,87,0,4.12,CL,1711791122
431,iquique,-20.2208,-70.1431,292.17,79,44,1.78,CL,1711791088
432,dunedin,-45.8742,170.5036,284.71,94,98,0.45,NZ,1711790952
433,pagar alam,-4.0167,103.2667,297.71,96,100,0.84,ID,1711791122
434,jagodina,43.9814,21.2622,296.51,42,0,5.99,RS,1711791122
435,saint-pierre,-21.3393,55.4781,301.97,70,75,2.06,RE,1711790869
436,sulak,43.2734,47.5146,284.33,74,100,3.3,RU,1711791122
437,pyhajarvi,67.0701,27.2176,269.26,92,100,4.8,FI,1711791122
438,mugia,43.1041,-9.2179,280.88,87,100,6.81,ES,1711791123
439,dryden,49.7833,-92.7503,271.31,93,100,2.06,CA,1711791123
440,galveston,29.3669,-94.9669,292.58,86,40,3.6,US,1711791123
441,arkalyk,50.2486,66.9114,269.99,86,100,6.03,KZ,1711791123
442,wormhout,50.8833,2.4667,283.16,66,100,0.89,FR,1711791123
443,itamarandiba,-17.8572,-42.8589,291.13,98,73,0.58,BR,1711790840
444,tvoroyri,61.5556,-6.8111,280.47,83,70,2.68,FO,1711791124
445,marka,1.7159,44.7717,304.89,58,24,7.31,SO,1711791124
446,general roca,-39.0333,-67.5833,285.16,22,29,2.63,AR,1711791124
447,tuscaloosa,33.2098,-87.5692,286.03,72,0,1.54,US,1711790825
448,ribeira brava,32.65,-17.0667,293.5,80,62,9.48,PT,1711791124
449,pacific grove,36.6177,-121.9166,283.59,89,100,2.24,US,1711790865
450,tidjikja,18.5564,-11.4271,300.07,18,14,6.34,MR,1711791124
451,saint-leu,-21.15,55.2833,301.63,71,100,1.28,RE,1711791124
452,gizo,-8.103,156.8419,301.94,77,94,1.66,SB,1711791124
453,robertsport,6.7533,-11.3686,300.57,74,100,2.14,LR,1711791125
454,tyazhinskiy,56.116,88.524,279.0,83,86,6.6,RU,1711791125
455,tabou,4.423,-7.3528,302.27,75,100,1.91,CI,1711791125
456,kuytun,54.3419,101.5036,274.1,92,100,1.68,RU,1711791125
457,coahuayana de hidalgo,18.7,-103.6583,292.95,52,0,1.24,MX,1711791125
458,manay,7.215,126.5397,299.81,86,19,3.26,PH,1711791125
459,salmon arm,50.6998,-119.3024,274.77,86,15,0.51,CA,1711791007
460,phan rang-thap cham,11.5667,108.9833,303.16,67,79,4.05,VN,1711791126
461,xining,36.6167,101.7667,290.19,14,3,2.34,CN,1711791126
462,leava,-14.3,-178.1667,302.45,74,95,2.7,WF,1711791126
463,nova xavantina,-14.6667,-52.35,295.66,96,94,0.85,BR,1711791126
464,tolentino,43.2126,13.2901,295.92,45,79,2.36,IT,1711791126
465,termoli,41.9888,14.9895,298.58,52,43,7.36,IT,1711791126
466,kyzyl-mazhalyk,51.1333,90.6,273.1,98,100,0.89,RU,1711791126
467,hilo,19.7297,-155.09,294.97,94,75,2.06,US,1711791126
468,kondopoga,62.2057,34.2614,273.97,100,100,1.22,RU,1711791127
469,tyukhtet,56.5389,89.3011,279.95,85,73,4.81,RU,1711791127
470,rudsar,37.1376,50.288,289.14,51,46,2.6,IR,1711791127
471,aur,8.1499,171.1687,300.84,84,94,9.14,MH,1711791127
472,hovd,48.0056,91.6419,285.24,29,95,2.49,MN,1711791127
473,praia da vitoria,38.7333,-27.0667,288.01,94,40,11.36,PT,1711791127
474,susz,53.7174,19.3365,290.21,62,53,0.45,PL,1711791127
475,odienne,9.51,-7.5692,307.91,40,98,0.95,CI,1711791127
476,puerto san jose,13.9256,-90.8244,298.66,70,2,3.06,GT,1711791128
477,mitsamiouli,-11.3847,43.2844,302.16,74,76,3.61,KM,1711791128
478,sittwe,20.15,92.9,301.64,68,17,6.13,MM,1711791128
479,micheweni,-4.9667,39.8333,304.52,61,67,3.43,TZ,1711791128
480,sant antoni de portmany,38.9807,1.3036,290.14,66,20,10.29,ES,1711791128
481,petersburg,37.2279,-77.4019,281.27,93,0,1.54,US,1711790866
482,mahibadhoo,3.7833,72.9667,301.51,77,96,3.21,MV,1711791129
483,basco,20.4487,121.9702,300.3,88,100,6.4,PH,1711791129
484,pizarro,4.9533,-77.366,297.69,93,91,2.36,CO,1711791129
485,ola,59.5833,151.2833,269.37,84,100,1.91,RU,1711791129
486,la mira,18.035,-102.3266,293.75,48,0,1.67,MX,1711791129
487,bahia honda,22.9036,-83.1592,292.63,73,0,3.56,CU,1711791130
488,miyaly,48.8844,53.7836,282.87,31,9,3.0,KZ,1711791130
489,namtsy,62.7161,129.6658,252.91,96,72,2.24,RU,1711791130
490,san jose,37.3394,-121.895,283.14,90,75,2.57,US,1711790975
491,noosa heads,-26.3833,153.15,297.1,77,8,6.84,AU,1711791130
492,horta,38.5333,-28.6333,289.27,81,75,12.07,PT,1711791130
493,smeeni,44.9833,26.85,295.99,42,100,3.35,RO,1711791130
494,gadzhiyevo,69.2551,33.3362,268.66,87,99,1.43,RU,1711791131
495,johi,26.6921,67.6133,309.31,11,0,1.76,PK,1711791131
496,tadine,-21.55,167.8833,296.0,68,3,4.88,NC,1711791131
497,markova,48.6758,24.4138,292.4,43,100,4.78,UA,1711791131
498,city of balikpapan,-1.242,116.8942,303.12,74,20,2.06,ID,1711791131
499,acarau,-2.8856,-40.12,299.68,88,100,2.15,BR,1711791131
500,maracacume,-2.0428,-45.9592,296.52,98,100,1.41,BR,1711791131
501,el kala,36.8956,8.4433,292.38,68,1,2.1,DZ,1711791132
502,andzhiyevskiy,44.23,43.08,292.19,32,20,15.0,RU,1711791132
503,sohna,28.25,77.0667,307.28,10,21,7.22,IN,1711791132
504,jamaame,0.0697,42.745,308.08,44,36,6.71,SO,1711791132
505,pontes e lacerda,-15.2261,-59.3353,294.8,97,97,0.83,BR,1711790901
506,susanville,40.4163,-120.653,275.82,97,100,0.0,US,1711791120
507,ocean shores,46.9737,-124.1563,280.94,93,0,1.54,US,1711791132
508,yuncheng,35.0231,110.9928,297.25,27,37,2.36,CN,1711791133
509,alliance,40.9153,-81.1059,275.27,67,44,1.37,US,1711791133
510,tralee,52.2704,-9.7026,282.29,76,75,6.17,IE,1711791133
511,carbonear,47.7332,-53.2148,284.39,98,100,5.15,CA,1711791133
512,korla,41.7597,86.1469,296.08,15,26,0.33,CN,1711791133
513,mahina,-17.5065,-149.489,300.02,78,0,1.03,PF,1711791133
514,awjilah,29.1081,21.2869,299.43,17,0,3.08,LY,1711791133
515,kalifornsky,60.4183,-151.29,274.34,83,100,1.54,US,1711791134
516,ouadda,8.0777,22.4007,313.92,7,39,1.86,CF,1711791134
517,kufa,32.0347,44.4033,299.78,23,100,2.53,IQ,1711791134
518,quang ngai,15.1167,108.8,301.92,74,97,3.87,VN,1711791134
519,luganville,-15.5333,167.1667,298.35,87,71,2.0,VU,1711791134
520,jumla,29.2747,82.1838,285.1,74,85,1.32,NP,1711791134
521,lorengau,-2.0226,147.2712,300.25,83,100,3.84,PG,1711791134
522,mersing,2.4312,103.8405,305.1,70,40,3.6,MY,1711791135
523,gannan,47.9147,123.5031,271.3,43,79,8.4,CN,1711791135
524,kiama,-34.6833,150.8667,294.82,88,71,3.58,AU,1711790983
525,villa regina,-39.1,-67.0667,285.92,20,27,0.89,AR,1711790910
526,puerto santa,-8.9906,-78.6456,294.37,91,99,2.93,PE,1711791135
527,alesund,62.4723,6.1549,283.66,57,75,3.09,NO,1711791100
528,clovis,36.8252,-119.7029,284.09,92,100,6.17,US,1711790928
529,torghay,49.6339,63.4981,274.91,68,59,5.22,KZ,1711791136
530,santa maria do suacui,-18.1903,-42.4142,294.43,96,90,0.27,BR,1711791136
531,conduaga,8.862,117.4893,302.32,69,74,1.3,PH,1711791136
532,mirny,62.5353,113.9611,261.52,89,98,1.54,RU,1711791136
533,kourou,5.1552,-52.6478,296.18,92,99,2.06,GF,1711791007
534,castillos,-34.1667,-53.8333,290.78,91,6,2.48,UY,1711791136
535,dickinson,29.4608,-95.0513,292.62,88,0,3.6,US,1711791137
536,kununurra,-15.7667,128.7333,308.14,52,70,2.57,AU,1711791137
537,argo,37.6333,22.7333,295.48,40,0,2.26,GR,1711791137
538,douentza,14.9951,-2.9517,310.85,12,100,4.7,ML,1711791137
539,port blair,11.6667,92.75,305.17,62,22,3.6,IN,1711791002
540,plastun,44.7561,136.2939,275.24,56,100,3.93,RU,1711791137
541,bludenz,47.1497,9.8167,292.11,100,71,4.24,AT,1711791137
542,north bay,46.3168,-79.4663,270.9,74,100,2.06,CA,1711790860
543,vinita,36.6387,-95.1541,290.4,75,0,5.77,US,1711790959
544,sungailiat,-1.85,106.1333,302.72,71,97,2.78,ID,1711791138
545,labytnangi,66.6572,66.4183,264.36,88,96,2.41,RU,1711791138
546,port augusta,-32.5,137.7667,297.3,53,100,7.03,AU,1711791138
547,sandnessjoen,66.0217,12.6316,273.44,92,100,5.07,NO,1711791138
548,laojunmiao,39.8333,97.7333,290.3,14,69,6.79,CN,1711791138
549,buka,40.8108,69.1986,287.18,39,100,3.26,UZ,1711791139
550,puerto aysen,-45.4,-72.7,278.01,100,100,1.88,CL,1711790896
551,kyzyl-suu,42.3414,78.0056,279.55,87,100,2.78,KG,1711791139
552,baijiantan,45.6333,85.1833,291.8,38,37,5.1,CN,1711791139
553,shache,38.4167,77.2406,296.34,13,99,3.56,CN,1711791139
554,vigan,17.5747,120.3869,301.83,75,98,2.58,PH,1711791139
555,birjand,32.8663,59.2211,291.41,11,0,2.06,IR,1711791140
556,papao,-17.75,-149.55,299.97,85,99,9.49,PF,1711791140
557,barra,-11.0894,-43.1417,298.03,70,16,2.23,BR,1711791140
558,hami,42.8,93.45,297.94,12,91,0.45,CN,1711791140
559,yokadouma,3.5167,15.05,307.77,40,42,1.54,CM,1711791140
560,kokopo,-4.352,152.2633,299.66,87,75,2.82,PG,1711791140
561,nova sintra,14.8667,-24.7167,292.53,69,99,6.86,CV,1711791141
562,qiziltepa,40.0331,64.85,286.9,20,0,3.08,UZ,1711791141
563,puerto madryn,-42.7692,-65.0385,285.01,38,4,9.63,AR,1711791141
564,juan griego,11.0817,-63.9655,296.41,79,100,1.55,VE,1711791141
565,tshabong,-26.05,22.45,304.64,22,35,6.98,BW,1711791141
566,hassi messaoud,31.6804,6.0729,299.07,11,0,6.69,DZ,1711791141
567,czestochowa,50.7965,19.1241,294.86,44,3,6.33,PL,1711791079
568,hinte,53.4167,7.1833,286.52,79,100,4.11,DE,1711791142
569,dieppe bay town,17.413,-62.8153,298.25,69,22,2.57,KN,1711791142
570,mola di bari,41.0609,17.0873,293.28,57,1,10.77,IT,1711791142
571,alta,69.9689,23.2717,270.74,73,100,3.09,NO,1711791142
572,mulayjah,27.271,48.4242,302.58,19,55,2.27,SA,1711791142
573,muncar,-8.4333,114.3333,300.88,80,36,3.32,ID,1711791143
574,hargeysa,9.56,44.065,301.37,38,50,5.46,SO,1711791143
575,klaksvik,62.2266,-6.589,280.66,90,85,3.55,FO,1711791143
576,malango,-2.9627,119.9001,295.52,97,86,0.77,ID,1711791143
577,erzincan,39.75,39.5,289.76,39,0,1.03,TR,1711791143
578,suoyarvi,62.0833,32.35,273.27,100,100,1.22,RU,1711791143
579,tsengel,49.4783,100.8894,283.59,31,100,5.44,MN,1711791143
580,petropavl,54.8753,69.1628,271.14,64,0,5.0,KZ,1711791144
581,pamandzi,-12.7967,45.2794,305.03,66,0,2.57,YT,1711791144
582,walvis bay,-22.9575,14.5053,291.68,68,0,1.54,NA,1711791144
583,tazacorte,28.629,-17.9293,293.69,86,40,7.72,ES,1711791144
584,flying fish cove,-10.4217,105.6791,300.97,78,75,4.63,CX,1711790955
585,santiago de la pena,20.95,-97.4,295.25,85,76,2.39,MX,1711791092
586,yeppoon,-23.1333,150.7333,299.03,76,4,6.42,AU,1711791144
587,portage la prairie,49.9728,-98.2926,271.42,71,100,3.92,CA,1711791143
588,elizabeth city,36.2946,-76.2511,283.16,84,0,0.0,US,1711791097
589,thoothukudi,8.8054,78.1453,310.31,41,20,4.12,IN,1711791145
590,al jawf,29.5,38.75,292.62,47,99,11.27,SA,1711791145
591,kruisfontein,-34.0033,24.7314,298.64,42,80,5.91,ZA,1711791145
592,kodinsk,58.6881,99.1844,271.73,94,100,4.15,RU,1711791145
593,luanda,-8.8368,13.2343,301.15,89,75,3.09,AO,1711790947
